Class Name,Subject Name,Chapter Name
Class 1,Hindi,1. आओ दोहराएँ
Class 1,Hindi,6. लिंग
Class 1,Hindi Grammar,1. भाषा
Class 1,Hindi Grammar,2. वर्ण और वर्णमाला
Class 1,Hindi Grammar,3. शब्द और वाक्य
Class 1,English,5. My World
Class 1,English,3. We Live Together
Class 1,English,2. My house
Class 1,English,9. Places Around Me
Class 1,English,11. The Wheels On The Bus
Class 1,English,12. Going To School
Class 1,English,14. Gopi Flies a Kite
Class 1,English,15. Mohan and Vinayak
Class 1,English,"13. Haribhai, the Milkman"
Class 1,English,8. Tension Little Fingers
Class 1,English,4. Bajri Rotis
Class 1,English,1. My family
Class 1,English,10. The Village Market
Class 1,English,7. My Classroom
Class 1,English,6. My Pet Animals
Class 1,English Grammar,8. Doing Words
Class 1,English Grammar,"9. Is, Am, Are"
Class 1,English Grammar,7. He-group and She-group Words
Class 1,English Grammar,"5. I, You, He, She, It"
Class 1,English Grammar,2. Naming words
Class 1,English Grammar,3. Common and Proper Naming Words
Class 1,English Grammar,4. One and Many
Class 1,English Grammar,1. Letters of the English Alphabet
Class 1,English Grammar,16. The Sentence
Class 1,English Grammar,13. Describing Words
Class 1,English Grammar,"11. Has, Have"
Class 1,English Grammar,"10. Is, Am, Are + Verb + ing"
Class 1,English Grammar,"12. A, An, The"
Class 1,English Grammar,"14. This, That, These, Those"
Class 1,English Grammar,20. Composition
Class 1,English Grammar,19. Reading Comprehension
Class 1,English Grammar,18. Word Power
Class 1,English Grammar,"15. In, On, Under, Over, Near"
Class 1,English Grammar,17. And
Class 1,English Grammar,7. He-group and She-group Words
Class 1,English Grammar,"6. We, You, They"
Class 1,Mathematics,1. Numbers upto 20
Class 1,Mathematics,2. Adding Numbers upto 20
Class 1,Mathematics,3. Subtraction Numbers upto 20
Class 1,Mathematics,4. Shapes and Patterns
Class 1,Sst,1.About Myself
Class 1,Sst,2.We Need F00d
Class 1,Sst,3.Our Clothes
Class 1,Comp,5. Data and Storage Devices
Class 1,Comp,4. Using a Mouse
Class 1,Comp,6. Introduction to Paint
Class 1,Comp,7. Let's Code: ScratchJr
Class 1,Comp,8. My AI Pal
Class 1,Comp,2. Parts of a computer
Class 1,Comp,3. Knowing a Keyboard
Class 1,Comp,1. Computer - A Smart Device
Class 1,Conversation,7. Parts of the Body
Class 1,Conversation,4. My Classroom
Class 1,Conversation,6. My Family
Class 1,Conversation,2. About Me
Class 1,Conversation,3. My School
Class 1,Conversation,1. Good Morning
Class 1,Conversation,5. My House
Class 1,Conversation,8. Food
Class 1,Conversation,11. Young Ones of Animals
Class 1,Conversation,19. Months of the Year
Class 1,Conversation,9. Birds
Class 1,Conversation,18. The Sun
Class 1,Conversation,10. Animals
Class 1,Conversation,16. Rules of safety
Class 1,Conversation,14. Different Works
Class 1,Conversation,15. Good Habits
Class 1,Conversation,13. Colours
Class 1,Conversation,17. Festivals
Class 1,Conversation,21. Good Night
Class 1,Conversation,20. Days of the Week
Class 1,Conversation,12. Water
Class 1,GK,26. Easy Pose
Class 1,GK,29. Pat Head/Rub Tummy
Class 1,GK,27. House
Class 1,GK,25. Rolling Log
Class 1,GK,6. Vegetables
Class 1,GK,2. Homework
Class 1,GK,5. The Seasons
Class 1,GK,1. I'm the Best Me!
Class 1,GK,3. The Earth
Class 1,GK,7. Fruits
Class 1,GK,8. Useful Animals
Class 1,GK,9. Wild Animals
Class 1,GK,10. Neighbourhood
Class 1,GK,24. Butterfly
Class 1,GK,30. The Ant and the Grasshopper
Class 1,GK,28. Lion
Class 1,GK,23. Bus/Bumpy Truck
Class 1,GK,20. Famous Players
Class 1,GK,21. Indoor Games
Class 1,GK,22. Bumble Bee
Class 1,GK,19. Important Days
Class 1,GK,16. Common Tools
Class 1,GK,15. In The Sky
Class 1,GK,18. Immortal Indian Artists
Class 1,GK,14. Famous Monuments
Class 1,GK,12. Vehicles
Class 1,GK,11. Around the House
Class 1,GK,13. India and Immortal Indians
Class 1,GK,17. Our Festivals
Class 1,GK,4. Water Bodies
Class 2,English Grammar,16. Had
Class 2,English Grammar,"6. I, We, You, He, She, It, They"
Class 2,English Grammar,"18. A, An, The"
Class 2,English Grammar,"13. Was, Were+Verb+ing"
Class 2,English Grammar,"7. Me, Us, You, Him, Her, It, Them"
Class 2,English Grammar,2. Common And Proper Naming Words
Class 2,English Grammar,1. Naming Words
Class 2,English Grammar,4. Naming Words: Gender
Class 2,English Grammar,3. One And Many
Class 2,English Grammar,"12. Was, Were"
Class 2,English Grammar,"9. Is, Am, Are"
Class 2,English Grammar,17. Short Forms
Class 2,English Grammar,"10. Is, Am, Are + Verb + ing"
Class 2,English Grammar,"11. Run,Runs;Go,Goes;Try,Tries"
Class 2,English Grammar,14. Actions Already Done
Class 2,English Grammar,8. Doing Words
Class 2,English Grammar,"15. Has, Have"
Class 2,English Grammar,5. Possessive Naming Words
Class 2,English Grammar,4. Naming Words: Gender
Class 2,English Grammar,21. Position words
Class 2,English Grammar,19. Describing Words
Class 2,English Grammar,23. Question Words
Class 2,English Grammar,20. Comparisons
Class 2,English Grammar,22. The Sentence
Class 2,English Grammar,26. Reading Comprehension
Class 2,English Grammar,"24. And, But, Or"
Class 2,English Grammar,25. Word Power
Class 2,English Grammar,27. Composition
Class 2,Hindi,1. वह शक्ति हमें दो
Class 2,Hindi,3. राजेन्द्र बाबु
Class 2,Hindi,4. दूध का रंग
Class 2,Hindi,5. प्राथमिक उपचार
Class 2,Hindi,2. आनंद ही आनंद
Class 2,Hindi,6. सुखद सवेरा
Class 2,Hindi,13. राघव घुमा शहर
Class 2,Hindi,9. विश्व' पुस्तक मेला
Class 2,Hindi,8. पौधो का जीवन
Class 2,Hindi,7. दामन और पिथियास
Class 2,Hindi,12. बुराई में अच्छाई
Class 2,Hindi,11. मेरी अच्छी माँ
Class 2,Hindi,10. रंगों का पर्व: होली
Class 2,Hindi,15. हवा महल
Class 2,Hindi,16. बड़े काम का थैला
Class 2,Hindi,18. हमारे राष्ट्रीय प्रतीक
Class 2,Hindi,14. आज्ञाकारी आरुणि
Class 2,Hindi,17. समय का मोल
Class 2,Hindi Grammar,13. कहानी लेखन तथा चित्र-वर्णन
Class 2,Hindi Grammar,5. लिंग
Class 2,Hindi Grammar,4. संज्ञा
Class 2,Hindi Grammar,6. वचन
Class 2,Hindi Grammar,8. विशेषण
Class 2,Hindi Grammar,7. सर्वनाम
Class 2,Hindi Grammar,11. गिनती
Class 2,Hindi Grammar,9. क्रिया
Class 2,Hindi Grammar,10. विलोम शब्द
Class 2,Hindi Grammar,2. वर्ण और वर्णमाला
Class 2,Hindi Grammar,3. शब्द और वाक्य
Class 2,Hindi Grammar,1. भाषा
Class 2,Hindi Grammar,12. दिन और महीने
Class 2,English,15. Welcome Rain
Class 2,English,8. The Weaver
Class 2,English,11. Walking through the jungle
Class 2,English,14. Rains Everywhere
Class 2,English,12. Cats Sleep Anywhere
Class 2,English,7. Where I Live
Class 2,English,17. The Festival Of Kites
Class 2,English,9. The Pond
Class 2,English,16. Splish- Splash
Class 2,English,10. Picnic Time
Class 2,English,5. Things I Do
Class 2,English,1. Our Food
Class 2,English,2. The Village Dhaba
Class 2,English,3. Let's Make Teal
Class 2,English,13. A Rain Shower
Class 2,English,18. The Pola Festival
Class 2,English,6. My Tooth Brush
Class 2,English,4. My Body
Class 2,Mathematics,1.Numbers upto 200
Class 2,Mathematics,2.Numbers upto 1000
Class 2,Mathematics,3.Addition
Class 2,Mathematics,5.Multiplication
Class 2,Mathematics,6.Introduction to division
Class 2,Mathematics,4.Subtraction
Class 2,Mathematics,7.Geometrical Shapes
Class 2,Mathematics,8.Patterns
Class 2,Mathematics,12. Data Handling
Class 2,Mathematics,11.Money
Class 2,Mathematics,10.Time
Class 2,Mathematics,9. Measurement
Class 2,Science,6. Think Food First
Class 2,Science,2. Plant Give Us
Class 2,Science,3. Animal Give Us
Class 2,Science,1. Plants Around Us
Class 2,Science,9. Air Everywhere
Class 2,Science,7. Housing And Clothing
Class 2,Science,8. Be Safe
Class 2,Science,5. Bones and Muscles
Class 2,Science,4. Animal In The Jungle
Class 2,Science,"11. Sun, Light And Shadow"
Class 2,Science,10. Water For All
Class 2,Science,12. Going To The Moon
Class 2,Science,13. Rocks And Minerals
Class 2,Sst,15.Seasons
Class 2,Sst,Story of Wheel
Class 2,Sst,16.Time
Class 2,Sst,13.Rules of the Road
Class 2,Sst,12.Means of Transport
Class 2,Sst,11.Directions
Class 2,Sst,7.Our Neighbours and Neighbourhood
Class 2,Sst,6.Our House or Homes
Class 2,Sst,10.Religious Festival
Class 2,Sst,9.Places of Worship
Class 2,Sst,5.Clothes
Class 2,Sst,Water
Class 2,Sst,8.Our Neighbourhood and Services
Class 2,Sst,3.Our Food
Class 2,Sst,2.Recreation and Celebration in Family
Class 2,Sst,1.The Family
Class 2,Sst,"14.Land,Water and Air"
Class 2,CompUTER,7. Animation in Stractchjr
Class 2,CompUTER,6. Drawing and Colouring in Paints
Class 2,CompUTER,1. Computer- An Electronic Device
Class 2,CompUTER,8. Fun with AI
Class 2,CompUTER,4. Handling a Computer Mouse
Class 2,CompUTER,3. Understanding Keyboard
Class 2,CompUTER,2. Parts Of Computer
Class 2,CompUTER,5. Let's Start MS Word 2016
Class 2,Draw,23. Step - by - step Rocket
Class 2,Draw,24. Easter Egg
Class 2,Draw,21. Half and Half
Class 2,Draw,8. Flowers vase
Class 2,Draw,11. Spot the Difference
Class 2,Draw,16. Colour by Code
Class 2,Draw,9. Thumb Impressions
Class 2,Draw,22. Beach Scen
Class 2,Draw,10. Bholu Bears
Class 2,Draw,20. Cotton Pasting
Class 2,Draw,19. Yummy Ice Cream
Class 2,Draw,15. Join the Dots
Class 2,Draw,17. Maze Fun
Class 2,Draw,12. Airy Fan
Class 2,Draw,14. Click Camera
Class 2,Draw,13. Cotton Bud impression
Class 2,Draw,6. Bear with Ballons
Class 2,Draw,7. Pattern Drawing
Class 2,Draw,18. Pencil Tip Rubber Impression
Class 2,Draw,5. Sketch Pen Tips
Class 2,Draw,4. Joyful Tortoise
Class 2,Draw,1. The Number Two
Class 2,Draw,3. Trace and Colour
Class 2,Draw,2. Fresh Guava
Class 2,Draw,29. Hungry Crocodile
Class 2,Draw,25. Hidden Picture
Class 2,Draw,27. Bindi Pasting
Class 2,Draw,30. Origami Mebina Craft
Class 2,Draw,26. Thermocol Ball Picture
Class 2,Draw,28 Tear and paste
Class 2,S.F,16. A  Park
Class 2,S.F,9. Food From Plants
Class 2,S.F,4. My Daily Routine
Class 2,S.F,18. A Birthday Party
Class 2,S.F,20. Location of House
Class 2,S.F,6. My Pet
Class 2,S.F,11. Things and Their Uses
Class 2,S.F,17. Table Manners
Class 2,S.F,7. Clothes
Class 2,S.F,14. The Clock
Class 2,S.F,8. Plants
Class 2,S.F,10. Animal Our Helpers
Class 2,S.F,15. Games
Class 2,S.F,21. My Body - Internal Parts
Class 2,S.F,13. Our Helpers
Class 2,S.F,12. Things in The Bathroom
Class 2,S.F,22. Asking For your Cricket Ball
Class 2,S.F,19. Safety Rules
Class 2,S.F,1. My Father
Class 2,S.F,3. In school
Class 2,S.F,2. Fathers Health
Class 2,S.F,5. My Duties
Class 2,S.F,23. Seasons
Class 2,S.F,24. National Festivals
Class 2,GK,15.Religious Lands
Class 2,GK,10.Major Cities of India
Class 2,GK,11.Monuments of India
Class 2,GK,9.Indian Freedom Fighter
Class 2,GK,6.Aquatic Animal
Class 2,GK,7.Insects
Class 2,GK,8.Plants Around Us
Class 2,GK,5.Flowers
Class 2,GK,4.World -Famous Structures
Class 2,GK,18. Unusual Sports
Class 2,GK,25. Kangaroo Pose
Class 2,GK,27.Monkey Pose
Class 2,GK,21.Bicycle Pose
Class 2,GK,13.Modern Machines
Class 2,GK,12.Inside Our Body
Class 2,GK,29.A Tree for Maa!
Class 2,GK,14.The Story of Colours
Class 2,GK,23 .Frog Pose
Class 2,GK,Indian Sporting Heroes
Class 2,GK,17.Natural Disaster
Class 2,GK,19. Cricket
Class 2,GK,26.Magic Carpet Pose
Class 2,GK,28.Crescent Moon Pose
Class 2,GK,24.Hero Pose
Class 2,GK,22.Cat Pose
Class 2,GK,16.Landforms
Class 2,GK,3. Professionals
Class 2,GK,2. I Don't Fit In!
Class 2,GK,1. Green - Eyed Monster
Class 3,Hindi,3. ऐसे थे महात्मा बुद्ध
Class 3,Hindi,12. मंगल पर जीवन
Class 3,Hindi,2. नींद की करामात
Class 3,Hindi,1. जगपति! हमको ऐसा वर दो
Class 3,Hindi,4. आओ तमिलनाडु चलें
Class 3,Hindi,5. अब्राहम लिंकन
Class 3,Hindi,10. चंदन की बगिया
Class 3,Hindi,8. श्री नंदनी के नाम एक पत्र
Class 3,Hindi,9. तीन गुड़ियां
Class 3,Hindi,11. जीवन हैं हम धारा के
Class 3,Hindi,7. मोगली आया गाँव में
Class 3,Hindi,6. फूलों जैसे तुम मुसकाओ
Class 3,Hindi,14. फ्लोरेंस नाइटिंगिल
Class 3,Hindi,15. गोपी की सूझ  - बूझ
Class 3,Hindi,13. माइकल  फैलाडे
Class 3,Hindi,17. जी करता जोकर बन जाऊँ
Class 3,Hindi,16. अरण्या का संकोच
Class 3,Hindi,18. लोक चित्रकलाएं
Class 3,Hindi Grammar,17. चित्र वर्णन
Class 3,Hindi Grammar,7. विशेषण
Class 3,Hindi Grammar,"2. वर्ण, वर्णमाला और मात्राएं"
Class 3,Hindi Grammar,5. वचन
Class 3,Hindi Grammar,3. संज्ञा
Class 3,Hindi Grammar,4. लिंग
Class 3,Hindi Grammar,9. अशुद्ध सुधार
Class 3,Hindi Grammar,6. सर्वनाम
Class 3,Hindi Grammar,10. पर्यायवाची शब्द
Class 3,Hindi Grammar,8. क्रिया
Class 3,Hindi Grammar,13. मुहावरे
Class 3,Hindi Grammar,14. कैलेंडर और त्योहार
Class 3,Hindi Grammar,12. अनेक शब्दों के एक शब्द
Class 3,Hindi Grammar,15. गिनती
Class 3,Hindi Grammar,18. कहानी लेखन
Class 3,Hindi Grammar,18. अनुच्छेद लेखन
Class 3,Hindi Grammar,16. पत्र लेखन
Class 3,Hindi Grammar,11. विपरीतार्थक शब्द
Class 3,Hindi Grammar,"1. भाषा, लिपि और व्याकरण"
Class 3,Sst,3. Earth's Neighbours
Class 3,Sst,16. Indian Occupations
Class 3,Sst,14. Clothing in India
Class 3,Sst,17. Indian Transport
Class 3,Sst,18. Communication in India
Class 3,Sst,6. India : Sates and Union Territories
Class 3,Sst,2. Features of the Earth
Class 3,Sst,19. The Earth
Class 3,Sst,7. India: Land and Climate
Class 3,Sst,12. Village Panchayat and Municipal Committees
Class 3,Sst,5. Air and Water
Class 3,Sst,15. Indian Festival
Class 3,Sst,11. Chennai
Class 3,Sst,1. Our Home - The Earth
Class 3,Sst,10. Kolkata
Class 3,Sst,9. Mumbai
Class 3,Sst,4. Our Environmental
Class 3,Sst,8. Delhi
Class 3,Sst,13. The Food We Eat
Class 3,Comp,8. Simple Programming in Scratch
Class 3,Comp,4. Editing and Formatting in Word 2016
Class 3,Comp,3. Getting Started with Windows 10
Class 3,Comp,5. Working with Paint 3D
Class 3,Comp,4. Editing and Formatting in Word 2016
Class 3,Comp,2. Hardware and Software
Class 3,Comp,9. Human vs Artificial Intelligence
Class 3,Comp,1. Know Your Computer
Class 3,Comp,7. Lets Learn Scratch 3
Class 3,Comp,6. Introduction to Internet
Class 3,GK,35. Relaxation
Class 3,GK,36. Kailasa Temple: A Marvel in Stone
Class 3,GK,30. Chair Pose
Class 3,GK,31. Dragon Pose
Class 3,GK,37. The Guardian of the Hill
Class 3,GK,5. Air Pollution
Class 3,GK,2. Flying Aeroplane
Class 3,GK,8. On the Road
Class 3,GK,7. Strange Animals
Class 3,GK,4. Great Rivers
Class 3,GK,1.  The Number Three
Class 3,GK,9. The Parliament
Class 3,GK,3. The World
Class 3,GK,6. Social Insects
Class 3,GK,1. Understanding Anger
Class 3,GK,2. Unstanding Emotions
Class 3,GK,10. Lost Cities
Class 3,GK,13. Our Neighbours
Class 3,GK,11. Presidents of India
Class 3,GK,12. Monuments
Class 3,GK,19. Smartphones
Class 3,GK,17. Word's First Plastic Surgeon
Class 3,GK,15. The Mystical Musical Pillars
Class 3,GK,18. Venus
Class 3,GK,33. Parrot/Bird Pose
Class 3,GK,32. Knee Hugging Pose
Class 3,GK,28. Camel Pose
Class 3,GK,29. Candle Pose
Class 3,GK,34. Ragdoll Pose
Class 3,GK,25. Hockey
Class 3,GK,20. Doctors
Class 3,GK,22. Writing
Class 3,GK,27. Throws
Class 3,GK,21. Tunnels
Class 3,GK,23. Photography
Class 3,GK,16. Museum of the Future
Class 3,GK,14. World's Highest Railway Bridge
Class 3,GK,26. Archery
Class 3,GK,24. Children's Games
Class 3,Conversation,19. Accidents and Their Causes
Class 3,Conversation,23. Harvest Festival
Class 3,Conversation,22. The Solar System
Class 3,Conversation,21. Weather
Class 3,Conversation,14. A Telephone Message
Class 3,Conversation,11. Birds - Their Flights
Class 3,Conversation,20. In a Hospital
Class 3,Conversation,13. Drawing Room
Class 3,Conversation,3. My Friend
Class 3,Conversation,8. My First Day at School
Class 3,Conversation,17. Different Homes
Class 3,Conversation,12. Plants - Their Uses
Class 3,Conversation,9. Invitation to the Principal
Class 3,Conversation,5. Our School Timetable
Class 3,Conversation,6. My Class Teacher
Class 3,Conversation,1. Welcoming a Guest
Class 3,Conversation,18. Sports Day at School
Class 3,Conversation,4. Things and Uses
Class 3,Conversation,15. At an Ice Cream Parlour
Class 3,Conversation,2. Our Food
Class 3,Conversation,7. Missed the School Bus
Class 3,Conversation,24. Functions of Internal Organs
Class 3,Conversation,16. Sunday - The Holiday
Class 3,Conversation,10. Nests of Birds
Class 4,Hindi Grammar,14. मुहावरे  (Idioms)
Class 4,Hindi Grammar,11. शब्द भंडार (vocabulary)
Class 4,Hindi Grammar,8. सर्वनाम (Pronoun)
Class 4,Hindi Grammar,7. वचन (Number)
Class 4,Hindi Grammar,5. संज्ञा (Noun)
Class 4,Hindi Grammar,4. वाक्य विचार (Syntax)
Class 4,Hindi Grammar,3. शब्द विचार ( morphology)
Class 4,Hindi Grammar,18.  चित्रकथा लेखन (Picture Story writing)
Class 4,Hindi Grammar,17.अनुच्छेद लेखन  (Paragraph Writing)
Class 4,Hindi Grammar,16. पत्र लेखन  (letter writing)
Class 4,Hindi Grammar,15. अपठित गढ़यांश (Unseen Passage)
Class 4,Hindi Grammar,12. विराम - चिहन(Punctuation Mark)
Class 4,Hindi Grammar,6. लिंग (Gender)
Class 4,Hindi Grammar,9. क्रिया (Verb)
Class 4,Hindi Grammar,2. वर्ण विचार (Phonology)
Class 4,Hindi Grammar,1. भाषा और व्याकरण (Language and Grammar)
Class 4,Hindi Grammar,13. अशुदिध शोधन (correction of Errors)
Class 4,English,12. Bandhu's Crooked Trunk
Class 4,English,4. A Letter from Mother Earth
Class 4,English,6. If a Tree Could Talk (poem)
Class 4,English,5. You can Save the world
Class 4,English,10. Birbal Outwits the Cheat
Class 4,English,9. Play a Safe Holi
Class 4,English,"3. We, the Busy Ants"
Class 4,English,2. The Peacock- Our National Bird (Poem)
Class 4,English,1. The Mnmity
Class 4,English,7. The Village Fair
Class 4,English,Special Friend (poem)
Class 4,English,8. Makar Sankranti
Class 4,English,13. Kai po Che ! (poem)
Class 4,English,15. Aditya Saves Khaleel's Ball
Class 4,English,18. Wisdom for Sale
Class 4,English,17. Golbol Solves a Problem
Class 4,English,14. Dhanraj Pillay
Class 4,English,16. The Why-Why Girl
Class 4,English Grammar,9. Verbs
Class 4,English Grammar,7. Countable and Uncountable Nouns
Class 4,English Grammar,6. Collective Nouns
Class 4,English Grammar,12. Simple Past Tense
Class 4,English Grammar,"14. Can, Should,May,Must"
Class 4,English Grammar,8. Pronouns
Class 4,English Grammar,10. Simple Present Tense
Class 4,English Grammar,2. Common and Proper Nouns
Class 4,English Grammar,3. Singular and Plural Nouns
Class 4,English Grammar,4. Nouns: Gender
Class 4,English Grammar,5. Possessive Nouns
Class 4,English Grammar,1. Nouns
Class 4,English Grammar,11. Present Continuous Tense
Class 4,English Grammar,13. Simple Future Tense
Class 4,English Grammar,17. Articles
Class 4,English Grammar,18. Adjectives and Their Types
Class 4,English Grammar,16. Subject - Verb Agreement
Class 4,English Grammar,19. Degrees of Comparison
Class 4,English Grammar,15. Subject and Predicate
Class 4,English Grammar,"21. Prepositions of Place , Movement and  Time"
Class 4,English Grammar,20. Adverbs and Their Types
Class 4,Mathematics,1. Numbers
Class 4,Mathematics,2. Addition and Subtraction
Class 4,Mathematics,3. Multiplication
Class 4,Mathematics,4. Division
Class 4,Sst,1. Our Motherland
Class 4,Sst,2. The Northern Mountains
Class 4,Sst,3. The Northern Plains
Class 4,Computer,2. Understanding Windows 10
Class 4,Computer,1. Memory and Data Storage
Class 4,Computer,7. Let's Explore The Scratch
Class 4,Computer,6. Introduction to PowerPoint 2016
Class 4,Computer,4. More on Internet
Class 4,Computer,5. More on Word 2016
Class 4,Computer,8. Creating Story With Scratch
Class 4,Computer,3. Working With Paint 3D
Class 4,Computer,9.  Al Around Us
Class 4,GK,1. My Country
Class 4,GK,2. Our National Flag
Class 4,GK,3. Birthday celebration
Class 4,Draw,9. In the Principals office
Class 4,Draw,3. Birthday celebration
Class 4,Draw,37. Tear and Paste
Class 4,Draw,33. Ice cream Stick Pasting
Class 4,Draw,32. Pulses Pasting
Class 4,Draw,35. Paper Butterfly
Class 4,Draw,19. Face To The Chick
Class 4,Draw,34. Drawing on the Grid
Class 4,Draw,4. Introduction Yourself
Class 4,Draw,1. The Number Four
Class 4,Draw,2. Beautiful Peacock
Class 4,Draw,5. Pattern Drawing
Class 4,Draw,5. Enquiry abouta lost Bag
Class 4,Draw,6. Cute Chick
Class 4,Draw,4. Watering Can
Class 4,Draw,8
Class 4,Draw,3. Trace and Colour
Class 4,Draw,16. Hippopotamus
Class 4,Draw,15. Spoon Holder
Class 4,Draw,17. Step - By-Step Kangaroo
Class 4,Draw,18. Matchstick Pasting
Class 4,Draw,9. Maze Fun
Class 4,Draw,14. Cotton Bud Impressions
Class 4,Draw,10. In the Sea
Class 4,Draw,12. In the Park
Class 4,Draw,11. Join the Numbers
Class 4,Draw,13. Beautiful Bird
Class 4,Draw,7. Thumb Impressions
Class 4,Draw,8. Sketch Pen Tip Activity
Class 4,Draw,38. Glitter Pasting
Class 4,Draw,36. Button pasting
Class 4,Draw,30. Stylish Cap
Class 4,Draw,31. Sweet Grapes
Class 4,Draw,26. Monster in the Drum
Class 4,Draw,21. Half and Half
Class 4,Draw,25. Wool Pasting
Class 4,Draw,24. Step-by-step Frog
Class 4,Draw,27. Find the Right Path
Class 4,Draw,29. Cotton Pasting
Class 4,Draw,28. Hidden Picture
Class 4,Draw,23. Crane Machine
Class 4,Draw,22. Spot the Differences
Class 4,Draw,8. In an Amusement
Class 4,Conversation,1. My family
Class 4,Conversation,8. In an amusement park
Class 4,Conversation,9. In the Principals office
Class 4,Conversation,11. The Bedroom
Class 4,Conversation,12. Visit to Doctor
Class 4,Conversation,10. Talking to a doctor
Class 4,Conversation,13. Sharing Tiffin
Class 4,Conversation,14. Seeking Library
Class 4,Conversation,15. Cleanliness
Class 4,Conversation,16. Habitats of wild animals
Class 4,Conversation,17. Homework Enquiry
Class 4,Conversation,18. Describing Your city
Class 4,Conversation,19. Soil
Class 4,Conversation,20. In a Circus
Class 4,Conversation,21. Location Of a Building
Class 4,Conversation,22. Reporting an Accident
Class 4,Conversation,3. Birthaday Celebration
Class 4,Conversation,4. Introduction Yourself
Class 4,Conversation,5. Enquiry about a lost bag
Class 4,Conversation,2. Our National Flag
Class 4,Conversation,6. Good Manner
Class 4,Conversation,7. Shopping of Stationery
Class 4,Hindi,3. शब्द विचार (Morphology)
Class 4,Hindi,17. मिटटी की महिमा
Class 4,Hindi,15. मोतियों का खेल
Class 4,Hindi,14. मसूरी की सेैर
Class 4,Hindi,6.  हिमालय
Class 4,Hindi,3. एवरेस्ट के साथ मेरी भेट
Class 4,Hindi,5. क्रांतिकारी अध्यापक
Class 4,Hindi,2. भिक्षा-पात्र
Class 4,Hindi,7. अक्षय ऊर्जा
Class 4,Hindi,4. तीन शर्तों
Class 4,Hindi,1. पुष्प की अभिलाषा
Class 4,Hindi,8. आखिर वह दिन आ ही गया
Class 4,Hindi,10. जगदीश चंद्र बसु
Class 4,Hindi,9. कब्बडी का खेल
Class 4,Hindi,16. राखी का त्योहार
Class 4,Hindi,13.दानशील कर्ण
Class 4,Hindi,12. वीर तुम बढ़े चलो
Class 4,Hindi,11. ग्राम्य जीवन
Class 4,Hindi,18. आओ पैड़ लगाऐ
Class 5,Hindi,..
Class 5,Hindi,15. पिरामिडो के देश में
Class 5,Hindi,13. कम के धुनी श्रीधरन
Class 5,Hindi,13. अशुद्ध शब्दों एवं वाक्यों का शोधन (Word and Sentence Correction)
Class 5,Hindi,17. भूल गया है क्यों इंसान
Class 5,Hindi,3. मैं मजदुर हूँ
Class 5,Hindi,2.मिट्ठू
Class 5,Hindi,4.स्वामी विवेकानंद
Class 5,Hindi,6. हम  कुछ करके  दिखलाएँगे
Class 5,Hindi,12.काँटों में राह बनाते हैं
Class 5,Hindi,8. स्वस्थ्य और व्यायाम
Class 5,Hindi,9. अपना गाँव
Class 5,Hindi,7. वेनका की चिट्टी
Class 5,Hindi,11. मुझसे कुछ मत छिपाना
Class 5,Hindi,16. रक्त की कहानी
Class 5,Hindi,10. धाय माँ पन्ना का त्याग
Class 5,Hindi,14. ज्ञान मार्ग
Class 5,Hindi,11.वाक्य विचार (Syntax )
Class 5,Hindi,18. गुणकारी शहद
Class 5,Hindi,5. उखड़े खम्बे
Class 5,Hindi,1.हम जब होंगें बड़े
Class 5,Hindi,0
Class 5,Hindi,15. मुहावरे ( Idioms)
Class 5,Hindi Grammar,10. अव्यय या अविकारी शब्द (Indeclinable Words)
Class 5,Hindi Grammar,9. काल (Tense)
Class 5,Hindi Grammar,6. सर्वनाम (Pronoun)
Class 5,Hindi Grammar,"5. संज्ञा के विकार (लिंग , वचन, करक) [Conjugation of noun (Gender, Number, Case)"
Class 5,Hindi Grammar,3. शब्द विचार (Morphology)
Class 5,Hindi Grammar,16. अपठित गद्यांश (Unseen Passage)
Class 5,Hindi Grammar,14. विराम चिह्न (Punctuation)
Class 5,Hindi Grammar,"1. भाषा, लिपि और व्याकरण (Language, script and Grammar)"
Class 5,Hindi Grammar,15. मुहावरे (Idioms)
Class 5,Hindi Grammar,7. विशेषण (Adjective)
Class 5,Hindi Grammar,4. संज्ञा (Noun)
Class 5,Hindi Grammar,2. वर्ण विचार (phonology)
Class 5,Hindi Grammar,8. क्रिया (verb)
Class 5,Hindi Grammar,21. चित्र वर्णन (Picture Description )
Class 5,Hindi Grammar,20. कहानी लेखन (story Writing )
Class 5,Hindi Grammar,17. संवाद लेखन (Dialogue  Writing )
Class 5,Hindi Grammar,18. पत्र लेखन (Letter Writing )
Class 5,Hindi Grammar,19. अनुच्छेद लेखन (Paragraph Writing )
Class 5,Hindi Grammar,13. अशुद्ध शब्दों एवं वाक्यों का शोधन (Word and Sentence Correction)
Class 5,Hindi Grammar,12. शब्द भंडार (Vocabulary)
Class 5,Hindi Grammar,11. वाक्य विचार (syntax )
Class 5,English,11. Make Your own Toy- Phone
Class 5,English,13. A Letter
Class 5,English,3. Navroze
Class 5,English,8. Puppet Show
Class 5,English,7. Once Upon A time (Poem)
Class 5,English,4. Ratanjyot -The Miracle Tree
Class 5,English,1.Navaratri -- The Nine- day Festival
Class 5,English,14. The daman and Diu Connect
Class 5,English,12. Dr S Radhakrishnan - A great Teacher
Class 5,English,9. Make a Finger- Puppet
Class 5,English,10. A Telephone Call
Class 5,English,5. Saving Wastage
Class 5,English,6. Lighting up Lives
Class 5,English,2. The Magic Of Mehendi
Class 5,English,17. Homework
Class 5,English,15. The Itinerary
Class 5,English,16. What a Fligh!
Class 5,English,18. Books (Poem)
Class 5,English,1. Plants: Increasing the numbers
Class 5,English Grammar,30. Word Power
Class 5,English Grammar,10. Simple Past Tense
Class 5,English Grammar,21. Adverbs and Their Types
Class 5,English Grammar,12. Simple Future Tense
Class 5,English Grammar,13. Future Continuous Tense
Class 5,English Grammar,18. Articles
Class 5,English Grammar,16. Subject and Predicate
Class 5,English Grammar,29. Using a dictonary
Class 5,English Grammar,20. Degrees of Comparison
Class 5,English Grammar,27. Contractions
Class 5,English Grammar,22. Types of Prepositions
Class 5,English Grammar,Singular and Plural Nouns
Class 5,English Grammar,1.Nouns and Their Types
Class 5,English Grammar,28. Punctuation
Class 5,English Grammar,14. The `Going  to ` Form
Class 5,English Grammar,26. Interrogative Sentences
Class 5,English Grammar,25. Negative Sentences
Class 5,English Grammar,11. Past Continuous Tense
Class 5,English Grammar,17. Subject-Verb Agreement
Class 5,English Grammar,19. Adjectives nd Their Types
Class 5,English Grammar,15. Modals
Class 5,English Grammar,23. Conjunction
Class 5,English Grammar,24. Sentence and its Types
Class 5,English Grammar,3. Nouns: Gender
Class 5,English Grammar,8. Present Continuous Tense
Class 5,English Grammar,9. Present Perfect Tense
Class 5,English Grammar,4. Possessive Nouns
Class 5,English Grammar,6. Verbs
Class 5,English Grammar,7. Simple Present Tense
Class 5,English Grammar,5. Pronouns and Their Types
Class 5,English Grammar,32. Composition
Class 5,English Grammar,31. Reading Comprehension
Class 5,Mathematics,8. Basic Geometry
Class 5,Mathematics,10. Measurement
Class 5,Mathematics,"7. Money-Unitary Method, Profit and Loss"
Class 5,Mathematics,Decimals
Class 5,Mathematics,"11. Perimeter, Area and Volume"
Class 5,Mathematics,12. Time and Temperature
Class 5,Mathematics,1. Large Numbers
Class 5,Mathematics,2. The four operations
Class 5,Mathematics,3. Factors and multiples
Class 5,Mathematics,4. Fractions
Class 5,Mathematics,13. Mapping Skills
Class 5,Mathematics,"9. Symmetry, Pattern and Nets"
Class 5,Mathematics,14. Data Handling
Class 5,Mathematics,6. Percentage
Class 5,Draw,17. SCARECROW
Class 5,Draw,24. HALF AND HALF
Class 5,Draw,26 GRID DRAWING
Class 5,Draw,20. HIDDEN PICTURE
Class 5,Draw,13. LEAF PASTING
Class 5,Draw,15. COLOUR BY CODE
Class 5,Draw,22. SPOT THE DIFFERENCES
Class 5,Draw,18. JOIN THE NUMBERS
Class 5,Draw,21. TWO FRIENDS
Class 5,Draw,12. FORK IMPRESSIONS
Class 5,Draw,10. STEP- BY STEP DOG
Class 5,Draw,11. MOTU BEAR
Class 5,Draw,7. CASTLE
Class 5,Draw,5. PTTERNED JOKER
Class 5,Draw,3. LITTLE MERMAID
Class 5,Draw,1. THE NUMBER FIVE
Class 5,Draw,6. BEAUTIFUL GIRL
Class 5,Draw,2. HELICOPTER
Class 5,Draw,4. OUR EARTH
Class 5,Draw,37. STEP- BY - STEP  BEAR
Class 5,Draw,35. TEAR AND PASTE
Class 5,Draw,36. GLITTER PASTING
Class 5,Draw,34. CRAFTWORK :WALL DECOR
Class 5,Draw,31. BEAUTIFUL CENERY
Class 5,Draw,33. THERMOCOL BALL PASTING
Class 5,Draw,30. PAPER ROCKET
Class 5,Draw,32. PENCIL ERASER STAMPING
Class 5,Draw,28. RICE AND PULSES PASTING
Class 5,Draw,38. WARLI   ART
Class 5,Draw,29. WOOL PASTING
Class 5,Draw,27. COTTON BUD IMPRESSIONS
Class 5,Draw,23. AIR BLOW PAINTING
Class 5,Draw,14. PAPER CENTRE TABLE
Class 5,Draw,25. SKETCH-PEN -TIP IMPRESSIONS
Class 5,Draw,19. CRAFTY HANDBAG
Class 5,Draw,9. CUTE BUNNY
Class 5,Draw,8. MAZE FUN
Class 5,Draw,TEA LEAVES PASTING
Class 5,Sanskrit,अकारांत नपुंसकलिंग शब्दाः
Class 5,Sanskrit,5. सुभाषित - वाचनाम्रितम
Class 5,Sanskrit,1. वंदना
Class 5,Sanskrit,3. अकारांत पुल्लिंग शब्दाः
Class 5,Sanskrit,4. अकारांत स्त्रीलिंग शब्दाः
Class 5,Sanskrit,2. संस्कृत वर्णमाला
Class 5,Science,15. Changes In Our Environment
Class 5,Science,8. Green pages
Class 5,Science,1. Plants: Increasing the numbers
Class 5,Science,2. Food and Health
Class 5,Science,"5. Solid, Liquids and Gases"
Class 5,Science,7. Rocks and Minerals
Class 5,Science,3. Safety and First Aid
Class 5,Science,4. Houses all Around
Class 5,Science,6. Soil Erosion and Conservation
Class 5,Science,11. Force and Energy
Class 5,Science,12. Our Life Supports
Class 5,Science,13. Our Earth`s Natural Satellite
Class 5,Science,8. Animals Everywhere
Class 5,Science,9. Our Skeleton System
Class 5,Science,10. Our Nervous System
Class 5,Science,14. Natural Disasters
Class 5,Conversation,22. Our Social Reformers
Class 5,Conversation,24. The System of Justice
Class 5,Conversation,23. The Hobby of Dance
Class 5,Conversation,1. Buying a shirt
Class 5,Conversation,20. Our National Anthem
Class 5,Conversation,16. Deficiency Diseases
Class 5,Conversation,19. Our National Flag
Class 5,Conversation,21. Our Religious Faiths
Class 5,Conversation,3. Talking About Books
Class 5,Conversation,2. School`s Sport`s Day
Class 5,Conversation,14. Minerals
Class 5,Conversation,7. Enjoying Breakfast
Class 5,Conversation,12. The Food We Should Eat
Class 5,Conversation,13. In A Restaurant
Class 5,Conversation,17. Aims and Ambitions
Class 5,Conversation,18. Our National emblem
Class 5,Conversation,9. Request for a Fire Engine
Class 5,Conversation,15. A Telephonic Message
Class 5,Conversation,11. Watching A Movie
Class 5,Conversation,8. Visiting a Museum
Class 5,Conversation,10. A Road Accident
Class 5,Conversation,5. In a zoo
Class 5,Conversation,4. A Dog in Distress
Class 5,Conversation,6. A Friend in Need
Class 5,GK,28. Boat Pose
Class 5,GK,32. Upward Plank Pose
Class 5,GK,30. Seated Wide-Angle  Pose
Class 5,GK,33. Cobra Pose
Class 5,GK,29. Half Handstand Pose
Class 5,GK,35. Birsa Munda :The Voice of the Trible Rebellion
Class 5,GK,36. Empowering Women: A Path Way towards Progress
Class 5,GK,34. Bridge Pose
Class 5,GK,24. Extreme Sport`s
Class 5,GK,31. Eagle Pose
Class 5,GK,27. Modified Side Plank Pose
Class 5,GK,25. Sports
Class 5,GK,26. Jumps
Class 5,GK,The Story of Inventions
Class 5,GK,7. Champion Plants
Class 5,GK,1. A new Beginning
Class 5,GK,3. The Seven Summits
Class 5,GK,2. What to do when you're New
Class 5,GK,5. Rocks and Minerals
Class 5,GK,4. Oceans
Class 5,GK,12. Prehistoric Life
Class 5,GK,8. The world of Birds
Class 5,GK,6. How plants Work
Class 5,GK,10. Homes
Class 5,GK,11. World War 1 and 2
Class 5,GK,9. The world of Insects
Class 5,GK,17. India's First Sea Bridge
Class 5,GK,20. Navigating at Sea
Class 5,GK,21. Neptune
Class 5,GK,18. The Story of Energy
Class 5,GK,16. Hospital for Plants
Class 5,GK,15. Great Indian Rulers
Class 5,GK,14. Indian Monuments
Class 5,GK,13. Indian Superlatives
Class 5,GK,22. Early People
Class 5,GK,23. Clothes and Fashion
Class 5,Sst,16. Famous People of the World
Class 5,Sst,14. Natural Disasters
Class 5,Sst,13. Environment
Class 5,Sst,15. Health and science
Class 5,Sst,17. The United Nations
Class 5,Sst,18. The British Rule and 1857 War of Independence
Class 5,Sst,19. Our Freedom Movement (1857-1947)
Class 5,Sst,20. Political Administration of India
Class 5,Sst,1. The Globe: A Model of The Earth
Class 5,Sst,2. Maps : Our Guides
Class 5,Sst,3. Major Landforms
Class 5,Sst,4. Natural Resources
Class 5,Sst,7. Land of Ice and snow (Greenland  - Frigid Zone
Class 5,Sst,5. Climate
Class 5,Sst,6. Land of Dense Forests (Zaire)
Class 5,Sst,8. Life in desert ;Saudi Arabia
Class 5,Sst,9. Temperature Grasslands :Prairies
Class 5,Sst,10. Conquering Distances
Class 5,Sst,11. Communication
Class 5,Sst,11. Communication
Class 5,Sst,12.  The World of Growing Knowledge
Class 5,Computer,2. Managing Files and Folders
Class 5,Computer,7. Programming with scratch
Class 5,Computer,4. More on Powerpoint
Class 5,Computer,6. Working with Email
Class 5,Computer,5. Starting Excel 2016
Class 5,Computer,12. Healthy and safe Living
Class 5,Computer,Ll
Class 5,Computer,9. Robots and Ai
Class 5,Computer,Test sheet 2
Class 5,Computer,11. Project work
Class 5,Computer,8. Creating Games with scratch
Class 5,Computer,1. Generations of Computers
Class 5,Computer,3. Tables and Mail Merge
Class 5,Science,11. Force and Energy
Class 5,Science,12. Our Life Supports
Class 5,Science,10. Our Nervous system
Class 5,Science,1. Plants:Increasing The Numbers
Class 5,Science,2. Food and Health
Class 5,Science,3. Safety and First Aid
Class 5,Science,9. Our Skeleton System
Class 5,Science,14. Natural Disasters
Class 5,Science,13. Our Earth's Natural Satellite
Class 5,Science,8.Animals Everywhere
Class 5,Science,7. Rocks and Minerals
Class 5,Science,6. Soil Erosion And Conservation
Class 5,Science,4. Houses All  Around
Class 5,Science,5. Solid Liquid and Gases
Class 5,Science,15. Changes In Our Environment
Class 6,Hindi Grammar,"1.भाषा,बोली ,लिपि और व्याकरण"
Class 6,Hindi Grammar,2.वर्ण विचार और उच्चारण
Class 6,Hindi Grammar,3.संधि
Class 6,English Grammar,Chapter 13 : Continuous Tenses
Class 6,English Grammar,Chapter 8 : Verbs
Class 6,English Grammar,Chapter 4 : Nouns: Case
Class 6,English Grammar,Chapter 3 : Nouns: Gender
Class 6,English Grammar,Chapter 5 : Articles
Class 6,English Grammar,Chapter 6 : Adjectives
Class 6,English Grammar,Chapter 2 : Singular and plural Nouns
Class 6,English Grammar,Chapter 1 : Nouns
Class 6,English Grammar,Chapter 21 : Prepositions
Class 6,English Grammar,Chapter 20 : Types of Pronouns
Class 6,English Grammar,Chapter 11 : The Tense
Class 6,English Grammar,Chapter 12 : Simple Tenses
Class 6,English Grammar,Chapter 18 : Adverbs of comparison
Class 6,English Grammar,Chapter 22 : More on Prepositions
Class 6,English Grammar,Chapter 15 : Active and Passive voice
Class 6,English Grammar,"Chapter 19 : Personal Pronouns: Number, Gender and case"
Class 6,English Grammar,Chapter 16 : Subject - Verb Agreement
Class 6,English Grammar,"Chapter 9 : Auxiliary Verbs, Including Modals"
Class 6,English Grammar,Chapter 10 : Subject and Predicate
Class 6,English Grammar,Chapter 23 : Conjunctions
Class 6,English Grammar,Chapter 17 : Adverbs
Class 6,English Grammar,Chapter 28 : Interjections
Class 6,English Grammar,Chapter 7 : Adjectives: Degree of comparison
Class 6,English Grammar,Chapter 26 : Punctuation
Class 6,English Grammar,Chapter 27 : Short Forms - Contractions
Class 6,English Grammar,Chapter 14 : Perfect Tenses
Class 6,English Grammar,Chapter 25 : Direct and indirect speech
Class 6,English Grammar,Chapter 24 : Sentence and Its Kinds
Class 6,Science,1.THE WONDERFUL WORLD OF SCIENCE
Class 6,Science,2.DIVERSITY IN THE LIVING WORLD
Class 6,Science,3.MINDFUL EATING: A  PATH TO A HEALTHY BODY
Class 6,Sst,1.Mapping the World
Class 6,Sst,2.Exploring Oceans and Continents
Class 6,Sst,3.Terrains and Life
Class 6,Sst,4.History:Our Past
Class 6,Computer,1. Number System
Class 6,Computer,2.Working on Data in  Excel
Class 6,Computer,3.Layers and Animation in Krita
Class 6,Computer,"4.Cybercrime, Ethics and Security"
Class 6,Gk,1.Bridge the Wide Gap
Class 6,Gk,2.Living Smart Life
Class 6,Gk,3. Personality Development
Class 6,Gk,4.Similar or Different
Class 6,Gk,5.Kingdom of the Ocean
Class 6,Gk,6.Non-Flowering Trees and Plant
Class 6,Gk,7. Waterbirds
Class 6,Gk,8.Indian national Awards
Class 6,Gk,9.Indian Sobriquets
Class 6,Draw,23.At the Reservation Window
Class 6,Conversation,1.Buying Footwear
Class 6,Conversation,2.Birthday Celebration
Class 6,Conversation,3.Mother's Ailment
Class 6,Conversation,4. Speaking the Truth
Class 7,Hindi Grammar,"1. भाषा, बोली लिपि और व्याकरण"
Class 7,Hindi Grammar,2. वर्ण विचार और उच्चारण
Class 7,Hindi Grammar,3. संधि
Class 7,Hindi Grammar,4. पर्यायवाची  शब्द
Class 7,English Grammar,1. NOUNS
Class 7,English Grammar,2. ARTICLES
Class 7,English Grammar,3. ADJECTIVES
Class 7,English Grammar,4. MORE ON ADJECTIVES
Class 7,Mathematics,1. TNTEGER
Class 7,Mathematics,2. FRACTIONS
Class 7,Mathematics,3. DECIMALS
Class 7,Mathematics,4. RATIONAL NUMBER
Class 7,Science,1. STRUCTURE OF MATTER
Class 7,Science,"2. SUBSTANCES: ACIDIC, BASIC AND NATURAL"
Class 7,Science,3. ELECTRICITY: CIRCUITS AND THEIR COMPONENTDS
Class 7,Science,4. THE WORLD  OF METALS AND NON-METALS
Class 7,Sanskrit,1. वंदना
Class 7,Sanskrit,2. पुस्तकालय:
Class 7,Sanskrit,3. वैज्ञानिक उपकरणानि
Class 7,Sanskrit,4. गंतन्त्रदिवास
Class 7,Conversation,16. The Traffic Code
Class 7,Conversation,1. Favourite TV Programme
Class 7,Conversation,2. A School Cricket Match
Class 7,Conversation,3. Celebrating Eid
Class 7,Hindi,1. प्रकृति की शोभा
Class 7,Hindi,2. राब  की मटकी
Class 7,Hindi,3. अग्नि की उड़ान
Class 7,Sst1,1. Geographical Diversity of India
Class 7,Sst1,2. Exploring the weather
Class 7,Sst1,3. Understanding the Indian Climate
Class 7,Sst1,4. cities and States; The pill of Early Political life
Class 7,Sst1,5.Understanding the Empires
Class 7,Sst1,6.The Age of Reorganisation
Class 7,Sst1,7.Political Developments(Gupta Empire)
Class 7,Sst1,8.Sacred Land and Reverence
Class 7,Sst1,9.Understitution of india-An introduction
Class 7,Sst1,10. The Constitution  of India -an Introduction
Class 7,Sst1,11. The Journey of Trade ; from Barter to Money
Class 7,Sst1,12. Understanding Market
Class 7,Sst2,1. From Fields to food ; The journey of Indian Farming
Class 7,Sst2,2. India and its Neighbouring Countries
Class 7,Sst2,3. Empires and Kingdoms : 6th to 10th Centuries
Class 7,Sst2,4. A Changing Era :11th and 12th Centuries
Class 8,Hindi,1. हिंदुस्तान
Class 8,Hindi,2. भाड़ में भुनी हवेली
Class 8,Hindi,3. आखिर कितनी जमीन
Class 8,Hindi,4. सागर से बनारस तक
Class 8,Hindi Grammar,"1. भाषा ,बोली, लिपि और व्याकरण"
Class 8,Hindi Grammar,2. वर्ण-विचार और उच्चारण
Class 8,Hindi Grammar,3. संधि
Class 8,Hindi Grammar,4. पर्यावाची  शब्द
Class 8,Sst 1,The Parliamentary System: Legislature and Executive
Class 8,Sst 1,The Colonial Era in India
Class 8,Sst 1,Reshaping India's Political Map
Class 8,Sst 1,India's Electoral System
Class 8,Sst 1,Natural Resources and Their Sustainable Use
Class 8,Sst 1,The Rise of the Marathas
Class 8,Sst 1,Understanding the Factors of Production
Class 8,Science,Chapter 1
Class 8,Science,Chapter 2
Class 8,Science,Chapter 4
